Entier,val1,val2
1487,HduIjlwXc1z8tp0,HoAejS027JZQmYl
1882,IeA0KUQowfyxvEU,VwbsuZGSweRQSu6
910,8YC8upCKcVwMmrx,a0tvV6nldu6SKC0
184,DmGocVFrnIuh545,R0lL7rWcR7yFlf3
1564,xDMZDicKRGdjNsZ,jJZHiRMdV6GMOcH
659,KSnndQbpVmKI7bb,kWjAXyGK1iWm09L
994,CD0mtZNrvlmPcKf,buQe6Ib5RTnYdmg
362,hGRyN9hvm7VdBSv,GFkDXFPsYw232tn
1978,YgVSDq8ClT6uxfk,2fKjhEeYMizMalV
1822,zt8uM7XqBfeXOVP,hPQNZBevw0IztIT
703,QuIquGDPQPg5a6f,WKOJsxGWDzlYiYf
1062,vQImscSfMhhuOF3,rfTOpssijgIVTC0
1540,pJSX5OwW1dpCGpw,oT3TWEi6x1Wt6bj
1934,ET2HmwoIKWDQXjj,3tZf1lUKmsOqWSB
250,yomo50oIB0Asroa,kch2TgB27CHYlcK
1485,gTTvHqcMdHNQNdG,QaWLfebn41gUXTd
791,82dmNzzW5lrYZJc,szAKNGFKdegfYmS
1587,dsutMptH1AzaJwW,dBJgTsr1llfophH
987,h3fSe1C1LLhCCuX,cHPOPLtBZqBGpSU
1027,groW23kHoOv5HKi,hi6TVVIlFYs0Ew4
383,N5J06Nk060B5Pod,msg3jtsMeN7Wm6O
1410,2oc28cyvmyk2CEp,xStxoO7zBgUTS5g
1280,1jcKFwTIPbFddIl,9F8ItY5eZk1xhqW
863,3lpC0i3zOL7BOTU,IIJtRH3zUn08VWy
1494,5PtPyJJOzesR7ie,elESjXEjgcKPnBr
1977,h8vXizsaTwLPqMB,Qy0f8WEoFK2hJw9
1938,RHNLp3XlwRsaoJZ,OM7D5kQHxTZZ2T3
539,D1guwa8fN5FY9Y9,Alyz8DICLnrE2v3
1361,amVwssbViJ0CPcQ,L4wVNy8jhhFvfGP
988,dhVLOUZEIhtbPXo,hfKEB8EMwtOgaSZ
303,6mwdaH8wLjpmuZY,HHPiZqzn2maLRAe
1310,BCxmoPPRvcqAwh9,Bibrn7JTej6AXZ8
1487,4FFnQ7puAtubBwo,iWBX1sAEwlnVBXh
256,2Cn7N8hn87Lm7Ex,LmHrv7yapwCAXKy
1457,ozmtsmSAH4lPCRP,poWH0qmy9CH4E1O
1927,HZEer0kMZNWrXyF,T91fzQpYK048Ziq
788,AhvLyubszxz9WHW,Rz8eoKQo2OymcXA
1436,5YXSIS3OPOIeNVZ,DpQx6gjR7qT5tso
345,Ph6CTAfeZfTB5Er,e0tHPabIb0evT0w
1155,3CIv5XulIDvQ65K,IcgLmcVtuQpckiM
1131,wftc97wrmUsCokb,8tU0bwxu9IgLMfv
1164,MIwEcDUpKbPIdAs,J6mSnaITskGMtya
789,Zo0F0xYseE1UWtw,fUmoWXfJ4YtqTL9
712,3NrOkqXblRRcPMQ,CnwA0Kv2CveEYSi
705,ONcs0i4Re5rnk23,VjFiHIInzHcALBC
1292,8635cmUUsKI1ys7,4WgsRoZtbTKVvfs
1314,aAh6vQyQJTNxQAT,QVywtBLqsSs2AFw
1364,RTxpG5Fc4MW8rzq,cs2Z4pGGKh8lTbz
286,Q2DtxNf7zs2Xg57,x5Pw53yJBry7ZwU
1897,m3KVlaYuPURs4xT,j56ee4wMwg6SFdF
936,XuuFNYfZUrGRPti,ZvbKahQsgUTYftZ
1666,EEAAQ6mp0wb7OYx,LkK0nLPQSEQlMN6
1218,gcKvhIQ4OzQM0WZ,gf0PSmrGtpxHzNH
545,eAK47WLGbDr4vrB,bLvNpdjArcAXNpS
183,KRP9FIbjLpJzCB4,9PMOOS3YhUNMCWE
633,lFADHMJrhVBtrNT,HU4guc75hc6yKPi
1286,c75Ev5bakOB5pYc,ztirATH2wBUVIri
911,yWHkOVOp9cKHH5g,yNeCKLvSaEN38u8
1561,lJ27kNbR1g2Pmnq,qkZnBRtrsFUNSWy
425,4Myke5V9OqSUV9A,OPeZffZcM1VcIP1
900,0JElrHIWtxiNNUz,UvsI5gGOJwK9gWH
1571,HeOTrokmUZp46AX,UZCiWKvnh1igTbH
1695,LmsAXH14FICxYih,f69gatQJK3B6hk7
1722,FdYgKgQ2SAOcl6q,CrGf53OTIv3tKGl
314,J8dASLt7wJqmpYB,cEGm5wLCxTX3N3G
1000,SqnBIkaAhUpnUJv,bhWHK5LJruXT4jc
160,2yjprOmjSxqqpdK,QVzzpbH9oy46iQT
1488,TUTbqakUkawIbW7,YyxxibPUeRESnlT
507,0tFYQJq6vD6vUat,7n4026FrPXb21TK
1209,jrtGPoPhHbOwXFt,l3398Ekc4U95zeD
371,58UF7OWscau7g5p,7UbpDEkka3sEAGA
1613,GF0iO94C56er4uE,xwWH6sTK896tlYS
759,rH3EmSDeia4SMiT,R5qfeqwizUVX4v3
967,wr3IPYbNQZ6qtM3,vi8YsirOc8X2pIK
1661,6grcFCyq0jFv5sV,OYq9LmDuZjQARkr
1245,2tt0JNcvkwv7wuL,TFYPDI55potBYQR
402,zt7R767MAov1PyN,SnJU83ot8aoX1Cl
1725,RlFOxz9j9W43ipI,hOIZ4kW3EAK69mu
461,YFnpPNQ6U4jmw6O,vevUDYa2odUXRjk
455,hLUkZwVQdAvVX0f,zdzaLNzMrmJgtzB
1840,WgZ0nGAavczqrmS,b6s2zGiNCFztVSx
1518,8c2KAjJzMror5EZ,78Om86UKObwiNK1
1708,EKNXWceNqFdQFX3,zEfSmqkBxo75jH5
986,KpbfnSi8eaUgMBY,nlCpij80qGbmeYK
894,Y4MlxXCv6VTzHQe,WeOqc4ramMZNID5
1741,eYhBvswZyRS8rjc,RWW7JnrWz5hlVuQ
1773,1FhGmi9ILHN59qS,wZ1ZHAAhmj7FJ4y
1657,o2h0OxRIB64ywYJ,xWbU6yPpyMNk1QE
708,UzwLZ4WKTbOYlpe,C93DNJQdgsfiYgv
1926,dzetjW8V77hRxeV,n9ywwRQ1BvZUjiW
1835,HqfMQ1qjz2jTVwG,FkvdGVNimiblJu3
1996,7RhFtMxJmyqBGum,JsYswVsnSkk8aS7
1547,mrBeEraUEqXIsXc,DIYiUkmRWNwvVlT
1717,GeBVmSTRfDL97Zt,BRTfnWExyLlDPIY
23,x4Mbxjo5g63WuHl,I9kOmprvjiesVPh
671,gRhqlUeqkBh5u5Q,CdIvfmEkETR7wmN
833,mGdNVy9Pr9hURJD,rzA8PaUo4LYRA3Z
1313,UsyPsXwVxR1lqrW,qfTylFEU3MHWpA9
801,R0BV7pU7goRnxXm,C3u36hqKjCUtqyi
969,XcxcPmUMx2DvOvT,r0KzgfCczn0SVRY
1302,ut1ZWyzK8wU3EYC,jwuZxgDnkw0hVRO
1793,6BV2BoXx3CIWoxy,cYxSMoCDWFV20MR
1385,bm6hVMseQlxUWvW,HmYNt6qB3DoRNCa
1269,ZTeTnUc53qNQKiQ,ONwSB1An3rdhkM1
1189,w3As0EAZkkFFL9a,07Y3F3tDOsvliop
1896,Whws2jn45LEVTT1,IPXiMTCbtESssfb
1618,OVXFK3PMmip1S1L,faBNwgRCti9Ybxe
631,5zPesRToG3sppH2,FiHDsDv4CrDi8bZ
1908,SuC6nptG1B1tPEU,6j7xRITbOgWwJaR
1898,bJziCT0wpVAz1cK,svZyJUftP7LUOmn
580,uQ6CpDhDnmuPuLC,VI7CmWuK21Pyd3R
64,OFWXPLaKqG1EMrs,Jx1e0bCYjK22ppR
1180,wI5mNqlw5anRG9L,OdEeQTiDD3KTb7x
1340,zXPg7A2w6BjOkxd,ZDvlWfnadcucIiK
519,wCxxpZjed3pYwRX,ZdU871e0knt6o8I
1418,Wn0MH5JVeKGECbw,s2r9ZFmD628biu5
691,2h4p5zhyT1FYBIP,WZ0vv7rs7YZtZXb
1052,tMGsOrZtaQTewsA,yx9JdMARfeQwqQi
932,OOyR1esRcMJ7y8s,n0BmfYtmDw8TomX
1894,gvbaEXNziFpizIA,iDRdb1ihsaG96fx
1656,LLFnyxSQavz7o7h,I63KJYP42Svi8eX
1971,bXbnoIF6sizRKuq,aYoMf3sKQEwO5YZ
824,wjAW2ECKN7CeL3I,O6jbj7riLmYcFAg
1770,12sMGAzNbkHORfk,WfArrsF6rMKdghc
232,t06oMc616TWypVJ,QisP0YtnBRiKO0F
1103,a2AQC8b3btpoBxX,5EbFQbRiugyzZdz
843,lajyttdI3qR6ELA,xoG8BkYqL0zhR65
1446,F2YopQHLDfPsFK7,wkuwzOBqGDKPzcy
388,KbGp4jlxbUFuvHq,VaatgY1bpcL5wLK
1961,SkEfFZN0Q9NaQSa,5MkoCG7NfrKHzAE
1048,5rP7AJkWloHaEei,HGKkuXRBL4pYrSr
1989,nhM4iFALjfwp6Yl,y3mRenPDTBxFju2
548,80yuJpaKelxrOeI,QDKfHKkNgklGGwj
292,UP3duUmBtb8JTjM,u4Sfavy7iWBYcgi
1282,9I1ATbSdegCESfo,Q7HcpmvHlzBrKVy
527,sGEy5EJ2O3pn0Pz,rboPAd93zGBQvJT
724,gluD4tgt002kJoB,pw2Xf8hm4aoIwEf
1521,JehZHVrpHSno7ci,MA7hwxE4ysXZP77
234,OK7QwBDykreqRhg,zAIqAyZF0GG5VMJ
1989,TGWuIAZ17x9Iswr,LoHFqjaP6Q3uIbC
159,ZPXFNSiXwqdGAcd,9GGlqmJ7MUXA6BG
340,PzlLuBXW3Wwp3Hu,YAcOgA2MHzx5lDp
1423,wCQGd7vg0IHqnme,Mbna84iVZmKNZpJ
259,g9BcwhocQvAHDBW,V3r1Glla8f6tLe6
1603,VVmm377PH1jM9Qe,h3LUvv2trid0AFy
1197,cBAbgwfm48RJ9SP,0lbnAoQeUQpwCyR
1172,93hgjZyyVsrX4o7,756uFBpBrCWKfOD
231,nylWmTbiLZ0DcQQ,4qWFOUkrTHFCIHW
927,gNGd45ACCD4ZVym,swiKTCs0pI0yoaJ
1378,GK3iwGgg5yHhRaf,rNca1U0SGOuIvoi
66,tOhuv4DpCAzKg6X,ht2U4ldfzShqeH9
1844,bDT4wKYepTEWXaB,P6CGMJC9lNuJ12c
370,ZlNTR8oe8i04Rwp,2rrwOnJL6MCLf7Z
817,ly9vkDvzCG5AzU8,2j4ZO90Jgx7SRXd
614,D3LF8wl38aOToZ3,sseDbYGu3yWqHeP
1713,3Cw5tjmFT4VHnTE,zAcl9pyasttUxGW
22,XP58RGf9L3Z566L,5BEexLl56lYvyKO
212,wPWCHE4KtHSV4JI,rjumTWAux43OCLq
781,JuVM0F0T05aQlY4,UEsIH56VrQkuiio
1861,0ckqyciGHcHCJ2u,3MeACpwPrPvdL5D
1280,DlVCeFlgBX1BdoI,hzE1rPUGr2SciSC
116,40IXTTgnit77JnG,wWzuvPlQmjLz65A
946,oHZ38TLnfw9T3xc,ZsFjd8kudgAFrsV
1271,q7G1qD9xgEqkXKo,yervPd4ib7cVrEK
1106,EaOoseeioNqiD9h,tajpUDshWxCVvDw
1567,VCqfZECRoUE3nUL,waIOB5F9rSYOSEc
1147,grEl9I6srCeLlKp,awPdH8D9mbtnh4R
1150,zzmIuZXWczcN7iS,FXTTGKvXWcoNmgp
1421,UswtUWrD0WNYsye,z9KaMyvRmP14FMe
114,y1lZJzG3y8zXJrS,DM7pxY9mLZbZtbF
220,zqmj65OnhVPsWeF,d91qf0iAfCB9INQ
871,ehLVOrxseOswIAg,6Hzs6964yoeFkZo
1184,DGmAD0iQU0WXEEY,iLzltVbtWz21h2w
1856,XnjbiRl9Tg80hCR,BIFg0uQ74JUKdTg
710,kuZTjq9kVHDcGQF,nyeftm7JYGa6nG7
819,bVHKO3jEO7nYg95,SeaoeL1W35EUROy
584,DBeYKtKIAXhX5bZ,6YDVWoBpZhW9bX1
1992,O1Hi3FEnin4udtM,wGkfitRtcqGmAJF
709,LgyCXkNMT3ukWRw,Hgro60UG1kBl0Q2
316,D6Rf75hwO791qSZ,JnYl3GUS92DgIK2
995,w6K2f01Apsjv4I9,GYgjUnZgLsXBWu4
1802,NFxGRI31gvmnZKO,Jlw6Qs8YBKtl5oG
730,4y6DL2VY9A1lQUy,fHCLzDHuO6AsiKY
459,NQxpCuRzEacHSZi,6LZkBwCN7buO17O
1159,SLY3IKukAZwAXLI,3xixM76ELAXP43g
1535,j8RWEUh3k18bY0g,GzxNSU5i4zQyRVC
478,rX5JOBZoncN5NeQ,tYsYkKTbgpiZ50L
1554,PSsPirP1BFdv9jN,CUTmuqB4PDVGstO
1309,1ekpYNpdLRFpBM3,ZTotcPt1Astm3ih
1484,UwrFxAm0Agxa7pU,3afSmeK9nBtcib5
783,PJb3LokLhMU9IYt,jSHJjiLSssEvp0s
1971,H1qldesvnsjR4Nv,zkqZipL0AYIok27
290,eq9QR4T76g4xmwQ,FHuwki0bMQhO51K
1665,uUNBcHG0KfAbaqX,araqb4h6CJkfYFt
1438,9Kxm0Pf7dZDW8Jh,FEesTGA2XJkBgZd
775,94jktYzIv5QPcIw,93GIqu27UwaDHTI
1964,pRgmJOd422imhQU,3CIKBMGiLMA7ZCE
629,51tHkZILvkaSja6,n7BUiIGktKpElJV
349,HG6DyfrFX6mtvml,BSuel1IEO050RtZ
607,1P8lpMxQkaN5T0Z,PNzj7CSYIYORdLA
536,SOGAXzmMazzZDMs,9z5vEGgVMgWG9Lp
75,ffXAz5DRaCriN5x,Dh39OZCYb3Z70LR
369,b0Pu4PWNW05RT5s,Ivw1m9x22BEC9mm
1299,uGT2dc62q9DptEC,eZUQKz8JOXw59gL
276,2z9uudlnIZAvo1Q,jEupyzC6HGh6tnV
528,gU2psYykPsVQhxh,mVxwXP68V2DO2Ef
710,pz4PaZohEagQoEJ,2COkKzKQCf9TkvS
1743,Q53Z2sVmrvLJknm,u0MTKliC0RC5C7O
57,ElbHhwxzTSvGyES,9CDcI3MvYJwtck9
317,SEzA2rbvRkYYW4S,8mvFrg1iqWeZdg0
423,7jy0yEYCaopZe1v,jPYDOvTzujIcNB9
515,KARvd9bdzVd6P0O,2APhQrVrM59dT1C
1111,cxfNRWZVgQoxrQV,4z16hnfhzKYXZ2G
1380,kVTvN1Ok4sMRLsC,vdoCyNy6LolUoHI
262,U0nDkXaU3xRsCw3,GDhtvqSobkqbtHo
1842,0Xp1fYiIWvwiG9e,1pCLV2YmEHfVUkG
662,kcenWBfNFtuzbv0,xBG3xzgLMumEmnx
903,7ztSS2u0yLKSBMk,XWZDsBbyVCAVkXq
1096,Ab5QhpiKGebDYn1,AnzAKdy8ObLATyf
1568,oka3DJwQbaorSt4,060pXtwHyFCLe0K
1205,ng3lGtbA8N1rhH4,F1AFutGYrYrdegC
1260,KTUMT2gSfqHAwWz,AccLCj8TzYNRCdk
1486,lig4Cc5h5tuEhXi,AyMWqSjKFRN6IdP
448,C0utPifWkp9CFIT,NWR6qKFrm8fZjmO
799,DuT5A0L7Q0zPveG,tZGJTtiatI2PxOq
278,RKLn0iCRuAYCWeD,LogO0UzVi8iBkNf
1938,OhJRG2byO92H3mx,wmcSkP54aloivYP
1668,tY72amR46bavVoD,d8tEbYTSPv3oI1v
705,lo9q8ddMw6JnxIh,AAhAs4b9wDq10Vo
457,QP9w04d7BsR1Bc1,R5eVTTuwuSAihMw
1978,hdigusL8cyFl9rJ,RZ63oo6AJShSUxN
1930,qWcWSdI1QdBHo5N,MD1d3Iow97upVsS
1585,jAuVs4LIjFL0kat,DU7QTRqGZACMbco
781,iY0NZaziTLAsUKZ,o2fxIB8IEKxbBOb
1812,fZKnKQJAPeI8Zek,yJFxzC3CL7TPbUv
1339,hkoJTv7eY5ovzcW,WIPmiw6xPxQBV6j
171,2gIlJZYYJwr65pg,lcJDN5qy3nXPz9q
237,g85MkemUHbSU3oJ,qrOmFE0bbuY09xR
1359,OfqU0kWE526T2oA,zd8MtSjkbL9OjId
119,MrZhX94fFKUO24S,1naO0Miuvzhgu49
1746,T1bHaASLq6BeaP0,Z5s0rZXM8k1bCrZ
1484,8KSrhyiQm9pvrvg,jHofhqN1a3HcgbB
1555,DNBaiVb71fxRNr3,CVXe1rdJR8tc0U2
357,wqV6METgGdhbnYx,2vqrmKHarmufebF
108,5seiK7CBEUMVpvq,dOTJVJmXFSOgrqW
1210,mbFB96CmTpazTyZ,ERlKCC4VQmqGDpU
340,lTYAbtVI3THmPKJ,SRpqQGlttiguJ96
1949,1P6BSdCc3qOCb9g,7s6RrKS9nKFJu8g
854,1DNJZzzKhkj27za,QTpUsbUqGQgRiXM
1084,RXx2yOx23wBYtVR,shU4t2hnSndHAeZ
1180,mtaOvy6WjFkYKKk,A1Ik4W7zTuUL3wb
1742,tYIB4M0xylPpXnG,JzE3zRyVoRcoMox
94,fjcevQfGN6CTY6H,ykOf7o99xHzliLS
1458,EF33MlNTs5GkJDs,qNR8cVO5sb43Ca9
742,hzk0MThWKwK45kd,nGGjQcLqWUIM3G6
996,oGUFLgpJD8o7UuZ,GRR5Ie1o2Yvnyk7
1817,jkNabPfwsBjmEtu,ISmHMOlpn5L26tj
1365,t8XmZN4E7NbaDxZ,TCmxU2YcTjRq8Nc
1536,5X9a81FK6yT9YCo,eYM9c6IKr0pykGy
167,qVfUVItfoTWUFyG,FRtwzJnGjrwn3It
119,loWjIl1qSlsiq5a,Rf2p6Xe2mDpvSzM
1597,h2WH6vWXhpiNvSF,OBGg9woh9wjnG7b
1253,yb1h7FfwmnbEwQd,Mh25ndQRhD7wl7T
602,TpOxIlEoDmNI5Li,XuO0WzsXI5pNJfI
664,vJaMh9YHL7zHlY3,p8ZRgiWUIvlUGBo
1308,i40RcdgkDw676v6,Efsn0ywPkgwYhTG
241,sa040Thm4t1PA6d,4abRD5eyOqHdHGM
1873,kiArxCQ2hAyZ2fG,4i3HzF6i35UVZj8
1489,2xLeM28goiyHIEH,7Gu9kOvtAO3Ilr2
1244,zo4ckY6FEwiNMOM,dzlhgBNYx2Ml7yg
723,VPNcsiBbV0nJB9V,S3PkKtAl7zp4J1Y
952,h6UMzFJKjtld5R1,0Hw3cElKR6fzR4G
436,vWaMqbi9KjZH6vk,HJ0zoySYCVbG1i4
926,DnAkadHQ70YCm2x,8z382f0WBBjGKIP
961,feldzTm4GhiiaNG,kCNf2dOpfeulx2j
831,N4XMmhK2LFoSl8s,dSEB9S6sSMVh2TK
637,DrGrgzRfa4Pa0gD,hqfZmC5bwA0IDGN
1884,CHDfQDHW9iAaOTd,TAANd2k4Q3QIEWZ
4,nryAe5CsIRMrEGY,pWU7bvyVHKY4fDU
1280,Y7Jz8b0EiN0Gy2X,RRHF5RLTmKNY7YQ
1423,mXMklrXvghKWxq4,FBzONVV7dAg5Y5V
40,YSDibSyfoO1mAET,z2E5TG4sAFsNRg1
86,skL0WNutwmdP8eq,zCKeoK29MPb7bC0
1370,otbh1Uz56WX72Dn,cykRVoLR5uy9t5Y
26,5GKwTGDKl33EUhK,b0IgQ8u84eETAEJ
68,sMpGU53PUnJdK7H,nGh7PdYhrOZNYup
85,5Zt6P1V4xdGUiA5,rjw0TAX5Ym3K6OO
1972,k99SSnDo4MB7J1T,pOHvMkdk5MzKcUX
1745,M78YUxvfleuxjcN,owoWRdFvltQsNv9
1188,JDcJROwHU7eGNLW,oqb00S0d7as5JLU
1816,cX39GEUFCUrFBju,QeNteVUdCogJpXS
209,8uu2XXm0JowO6JO,cqj3hZACsHtWDDP
615,kygweSDaFBZRQh9,4VVUQfxA3QnOcoI
1231,ehwB6VLPtuCKi5V,pRRlxLZGbpgNvna
385,kByHI4Tjmsc3nif,fq6CG2NVf4jBurx
227,8VApNEmQBVKXfnC,MQ9BfAP2VZhPp2R
1992,I1NZ42cdI9I9RfO,hnXVXwdwlwacFtL
925,Z0XypYuwuwXYVYI,IwRLvAdpdhX3g64
1564,ih3gZPoddpyuhid,fW59noTI9eu9PV5
1165,hw4OFnk7LMrwuUH,YzOdIuw0LrIE9r0
923,vPxAQtxu0fE3svZ,essSbExv12YkGT8
1488,1P1arTNQvRWIdjG,ZU81Y8hkMeGdgVD
735,UtkD7utLqMI0QhS,XC7KfEsvwxO64lU
1014,skIJNuGhImuakxu,lhyzsmtwDAcXLG4
1768,8shwi3nLvTnJnIW,nC5ikgWCqu08ZpZ
566,JgTg6LtifPuYcYQ,iR0CBsq06LyrnU9
1550,c1hBxXcLlRJwje8,AxMZtl9TNHWiuLc
1697,0OEcm9fUyZkwyD2,JdkvjINrtgwS1tV
420,p42knHh21qty9KI,R5ReGyM6iVqnJWQ
362,1C5oddPaVWe7FgA,pGqxnJRnniEsf4F
1573,hHh42qmTC6o4Eu9,nu9qKdJIbGxYXQk
646,JY6e41bV4dcGMaR,NWSwf2D78xrmORH
533,QILyHk4PEFdKePc,ChqUMrusyblrc8D
156,rkMfAocJrqdAypH,iRUP6nSN9477I9b
1539,t5ilvlGyB0vBTMF,Is69v5BKlxHU007
1727,giwBlPbJ3SFyW0u,mYK1bUBsHzxtg4x
689,u6j79ahBInuaHUF,KYC1ayW6adzrYuO
895,LiwF6s1yvBGichA,p6M6U1lkqHhn1Be
684,LwDblOZfguaekkl,qUQwm0ZdheP69Bh
790,QSsioW1QeRXlAjt,zDCwGksOqf0gwy7
553,DIcpIAtuekKjA7R,eOWySlgozhFzr0M
156,GdasBcxkRs2c682,nlDqfaQHNvIKwMK
1223,OLazY3n019KHV2F,LkSNR7CicTPCLNu
923,a2zv1jU9w2Ska1R,qztAMA5Wx7nVPMz
435,nes9PWuMxCwbww6,COlpybA0U6WUBcD
838,cIAMe1AgBb8RERI,tPmPWTPhJUQzS4G
1804,QgbbDy8lTqQRaqV,a2n0DHz4tnEiE8q
1241,QaPVtUvWEHGylRE,TffZMCD3mwzG6NR
430,TeMnDGcEABqqMU7,7gTslIBrABsxrcX
1316,HYW7zjgJn6josxe,3lH3XI8d1lxzi6I
780,X0GjsekEIwMU3g6,jwz3zhKr2v2ftQv
149,Z1PKKU8ucRmE3GF,gjwfLhCaUK7hOC4
1766,HPJG9C07yOq4eng,OPhtwesPvgZXKVE
406,p1lqWcTWUyjjEZm,RktTCfcnkEQcCXE
511,fChKctF2uAt8rTS,aKoO78yfk3USo4R
817,be0DcktIme2McTo,RkUcbbh9AFhQ2W5
1293,LRnAqCcNPNnRw8k,QvmlSiqs8QIF5Xi
1290,DjH0Kl9JdV8046c,i3S9EngKQ9EcIwe
1888,yJE50TIlPVXSio9,yeOJaBIeKtbrA98
627,adcBzgolxKQBJxL,SarWb0Fd3lfsiNQ
40,cAFikV3GboUXT2r,LMYToP0P39YvWjf
200,gsHCH0FzMs1kTS7,eeNZSjDBTbb9Ihn
1075,Ktm98FKBA1RpgH4,gb5tgNmfYFLF8gT
609,Pz1Aa7BEZ9ugWc7,xoStXtmb12KZu8Z
1553,ymSlh5wTZJz3UGl,voI5mMK0iwkgJ8d
1220,20hSC6xvlSpbqZb,TCMpXzGQjgLgp6J
102,Yg083neFyMPvbrp,kbej53QBK5c2ISF
1535,e0ZDV0lTOoBm2VT,2kIOZaXLxNSaP6Z
902,zoYOLMIwvKlpRnM,sjW0b9ZWtw8VIbU
760,sbYj5RN3NDNVyiJ,i1dKRjUG0hw0YxU
1846,rMG1ItZxMsInQtp,8WLD3fSH5oQbfuD
898,zCvE1RdE4NHO2mP,GYIAcaB2Dow38mA
1532,6UP1TH2i2hVvqK6,aC9PIy0yviODMzF
851,Kfyn3AFx3KEVCBP,RG08o7Obk1asCIJ
1340,tOFqYsBPJC8SXZJ,aaKr6T6qdqMoAZC
439,4jrigtSckXHJivf,OjVzLLCBSN0OrFm
646,RBx1YdSnv7dMeFY,0pCODCbbTijxmnX
1020,c9Xika4Np7U5Uf6,l69tNE95oNuD6gt
1947,9u5idH9iPAk7ukb,9RRQYPiC6PvyXd6
1856,UiN4ULykCbjIoIi,9D5mUGYOqPcia80
1333,3GpripCdlGTjPJH,Nvz12DOuu9jyJdo
553,NGoIor6tlwmyOtn,7IufW1mExuw3Y0P
1909,j0WAuS9AwSEnBhu,oL5RQ9PfAhZz3xT
1001,OOtxidLyVCpJjTN,dOvmZgGUs0Ugu1V
1929,II4eY2stTDJ8WRm,hiyZgKVd8szs0Il
1207,eYrR16FUBGxmt2S,gSV79ZbQjafvpSG
1627,dE59CUwy1j72trN,r1WffXbJ7WB0vZN
1933,5oWGEmvTJHMh7AG,ac7XbzSOxJ5nY8C
932,eiVvsjbOTFEStyQ,mutm0uPyZGgWjkp
936,oqD3MjNZLZqPfcV,c05zvNpbfhPYOV5
923,4EtYJG325mYvwga,g7E8whP1TH8WZev
1712,nMM4F7XR7aoUsfD,hlWfvJiRMhaBpwt
958,VOUyUfOFe80GNEB,eDxslBRMvc9bC7x
1219,ZKlaf4wYj6TanjU,mXk7R0XAx94ZOws
1482,XMBBJBJjnIq88pz,dSzMwbcFY0acOaf
1001,sk68atRGyMMttjz,FJkXXYtbO72X3cC
337,9jhTR8G04iPVgcD,PE86oqXjqhogsUY
419,0a4pUW9tlYXbJwA,xUO3xEDkcmeplra
748,xOW3hG8hZXYkVaO,tGzjtf0TT6F9mTL
771,RnyxyRrADwAGIP3,QV8NAYWez68RnTJ
122,3VoI1Jx7dWVPvh3,ra1tI3UzgZYwPHv
490,C1ZW3pigueemcSk,7rnacvpFODu4zBi
1572,V92tLdhodZq9d8f,XKkPt1n7ro8OTLZ
762,8JEL7vMVYwYIZrv,2Pubu7HJuHhHOd8
67,MLk1OGHD6nwGa36,lEsBrAXBmb6oWIh
1443,nzUuLrdAL8uCjQO,L3kuUty2ul2OLKi
1194,carVaMs0yyX8bU7,xKKQgcEAlgnJEVO
1055,YawXdC6hXAwLKuO,7NPqDkCQXn1eZyc
1303,AdvAMbDXzGpZx3z,njCWSNalvVADOMo
369,qMAmMlsKXfnG7jG,lqHT1EhnqxqQ7t4
1834,CSOfj7tGsy7kRWY,3BndCa6BYNW8BQM
1208,aW4YCWXA26fjlFp,0fKEcChYonpdW9z
329,6xqH0IABrtJGLr8,SMB4EV0Umb0Kn3Y
393,4AnELAo1WfrXZ7a,KWjeBpHxFlT45cJ
367,o5sC1O8tCBlPPfX,RX5qV337CVF2lmc
1974,xdUUgh8PsAQjb4j,fcuMhcLLbQAE5XH
1440,QQa4D2nJYVL5RbS,Wi6OeIW90pzBTkY
1956,waJDpfVuoiqywjN,o3MleonSXDjgvmM
1355,yK4G2clC9FhpnJO,beXccomGRxa54xv
945,cxKsCZA452RZK9z,HCtLipE67bO3lJc
46,XCdJvfvCtMhlf4I,pABXeXJqELLZLbp
777,LvMaDvOvpfpfGHg,BGrcpRqh6597rjN
760,U5N5LET0pJ7ydfu,YzGcIMsvdJpJCFs
773,37gt78QsBSW76fR,Sw1X9zSMUIo5HvY
288,B9E6GVukSYtB4eZ,8OCs5F2fzorKabZ
1091,eNqcHxPcbOTWDIO,nAhgtzqaErMIO5X
1555,GxKbPcn7OMrKyTA,vKE5YpyVAbZyRqE
496,9Phx5K9xOPFBtPo,FVTfnKq98NKcwfD
1655,PZacDcHQB21GgdN,ROy9LvDPQ5TDtKx
1622,VByZX71arYXkVgL,r6V2XJqMRDoL8JI
146,HgsrROGJ1iB7Jo8,gcS72289TeALh9O
472,MXyAlWeJxIlgq3U,nkH0hHGqPjUcFmA
284,lwmlYUjcf9DRzLB,MFvZO37jRcgmKyc
218,bpND2L3NAFVahTL,WM2HSbEdHIhe0fx
917,rYC8i5cunF7h8F1,gN9KWjkaDLeYaTt
1601,C0HMFQsK5mMkjvF,yoQpVbhPIlUqQOJ
1100,ghNufY9vhR9td2I,TDg6lTORO4EM0Rg
1109,1IIVD96TSRsdVXp,ZrgVilbKG6jd1Jy
706,wSseVfCKEDCZMBI,bChawn9XLWkd3uY
1321,pAx7hoFpLDvnCmq,rKRTczJwrIAq40m
925,GqsZ0NPKEWScagm,rNISGhoKEWtjDNw
356,Y5ttztnf5UHwvJ2,VMCIY5sBXcRWLYe
951,evsddE1OtJ7Id4a,8I9eLe1pXeh7Bgi
1364,vRNMNb3T2zIspo7,e1CIhy1pENyJtu5
1519,8AOtbaiLsOdzsN2,SlXBmU5eKZtArnL
1765,0UXhSU8KZo0cfOy,qOSMwM0bRbC1kZX
412,YcapMzryxlALrwA,dV9qKghm1AtISkt
1075,OrRASwhqAWxamm4,l2pcILaa7ExqHxc
1260,y1BcqgHiaNiMwA5,ITU7qrVAM7NgYde
1259,iJtgohUqRCThBCV,rxgmmS7jCyoYFYp
633,KnG2KrsWUbZpi0S,BUZjmPCzkCi9Ytc
185,0JLwOuT6VZ0gK4M,KezeSYPr62lHfUj
1339,uUFHIEuFCI8X0ai,mEKrZxpnpyyPunu
1803,opYgrFEsNEVHxRA,ZSplWLLNz1T58ow
827,yoNBGU9pMybI0ZA,qHKNpFHWBUM5jXZ
1916,0fyYGgZI04iSJW3,N4PpiEw3JGByZyi
1736,xgLeiXwoU3bPcof,up1PTwX7TA5EIhu
1807,J8JXjZMONUHw0Cg,qJwLK6iJKnwRksw
1155,oIC68nQVUf1SI79,4TrfBvXgMbgm4IW
394,da5ZkdH3KeKWoIA,MWPWKr2AUD7CMb2
1218,TUyxkZMKhfScWwM,cSzsVAOxQkMk4Nf
299,sJjjRDFj5L886FU,0lVD3uFoltSSILX
285,QSsxk1DvvZPsBK8,Enhg1l8kxdaydEh
530,z65IGT6iRmHkkq2,XbLIjsQYde9CrFL
412,u3SaZ0ZcHY2S1LQ,no0KOzDL3ISiArQ
1326,UHXXL2jwQuiPeWl,DACgvfs8wI3bgv0
1689,TNv1Nh34F1jOtJj,qjU4GDrTXmLr1wH
1272,PzYrqoDvBGo9NnK,KyZ3BElosAMV9MW
1996,sIVP40sj23nNsYF,rJdMvJozvzxAPIR
478,U4EyixvlcjOtd7j,tAloHsSDrITAYhI
1927,K4p0PS72FAvoUBB,pKb9Da5cRu4Zrwn
1859,jUAAxCnfuLNM5j8,UhtZB8CktSwarCU
1757,E7Qh53nOdMFjrkS,XcOLtNp8VAnusEX
352,BOUIr0Hyh6I19wZ,Id8vrzhs2AOKqyj
1911,lKoS0rDST0YuOLd,gc4Mdl7OxgdnCLE
1438,UdU7uqE557VUEN6,KLAwM3MnsMhr5in
565,HuAycRn1ejaO6Od,dEBpTeaAnk8swTd
286,MqBy2i2vOFn1LCf,lWjEVyzrp8JLTVl
668,FRM0XHuborQijSi,udQGpsJMhD9ZSoe
485,3cu8feR8SzdmKyi,zC61AjJXeEcrjHy
1074,5N4qxQTb49xvsLX,eWQxK1uR8nAPXNT
381,TH0LfCRasM8a4MI,nlstnrM9A8j3l1D
104,rjTwmkCs9isZUYJ,BXbmrn1LUBxqJEp
761,t5sLBmvjD2wzAa9,IuTWTOnRIXldWRB
984,Rv92RIzvZ5E9din,1b45xnix3a0bJT8
891,nJtOOXLkdPrJ6kN,Ur36HMF7tvuF8tV
156,9XhQMXgOmTpCCAe,d0MGesYbsOSwSZE
1660,cbcw7WmloEQT9Ye,vtN8zGmry4SO8VF
1177,CyzWr2pvLmxQRgI,jXiSCYQSjJaDp09
566,LT6yImWL0bHzbLs,HEDW0Yh0CveJLj7
1667,vBArXzZ0upH8d2h,5tjMInHMIP7h88v
659,ETtxxey11yBylZP,cVfDVUiclgU5t4A
1355,JrYneoA6PLmhiOs,XqWrzzU7Hc7fTR9
178,jwIhFnSgjXc1y3d,vc9jNILJ3s4KFbW
169,MYVGoHNVtqe78kU,gYJyuyCHHexFKf6
1190,oPoQYmCbBj8LMlp,HJ5fbFcN5sNA4lZ
1671,qubqPyIziUe7paJ,AipJpL7AsVt9Cxf
1490,6HzolhpVrMmONbi,d13rhTpz32X7TBm
1282,sCBSRaytgr3kcn4,qAfrLM2AF0QBg3T
655,Mj2RGrIPyMRrBTZ,JOrkclsVAavrzSq
1339,0hpQtefOwla1jzq,LoVqEeU9hUQ01tJ
449,9VKWKG9hLcIn9MS,zn9QkZadryxIJUp
1947,dtmw5Effjei65IS,08fEdpzO5b1ekGI
1735,lJGGFc4AfpNGkBx,HN9kTEkCFuTA75H
675,zb5FSjv2TyW6KmR,Fn9SVCosODv5hdI
12,xkoCSVzyi2Sm5oy,tXvC9dwxmVgGtpb
345,KhGoK2snT9r4NuQ,KYy5D4xM1dco7MM
1440,0ltMyoGJ8I01HYf,8eznGLg2BqdI4MX
1759,4Yn1N5k7RI11JpM,tCasqIWa3K97661
758,Ilr2BBN07SDZZbZ,LaRwZCOyaCygRC3
1501,CP7gjjd6hHhJYr6,3WVxOxdRdJujB4W
1070,1dkavr6CoMYXyaG,qMaS62eYpxi1Hvd
1958,uBrabWZqhbg0jEP,nsAHTCEYeuWhEbb
1457,8iHH33Tca842I6I,GTT8KDnfXkszeqb
1248,PUOtAyiimUlk7iJ,1dus4172ycGcPk8
254,8XTVxT6524ERF0N,wW4U03oe5u1fuEC
982,LJNRFcNjZ6UQBcd,WeUK0d6gv1NsLgI
932,RKQe8ef8KtlEGaY,08aBSFqPRpUvYWk
1783,diMDKqDkmelMeOq,QCIE6NyobvCW0ot
451,mh9z65whiycjcG4,KUrBsUKZb1IkhQM
1160,ImurD71okBI6zmt,JRdKOWiDFn43VRn
1681,aVUIihdnJFY79A8,6mQ6dPEt70ar2ls
425,3GRdkZjyAAlRNCR,gvng9BXnIHl4kWs
635,bG7KarjWbBTJGs0,53jMRNKQikQCPRF
1813,BXnvgThGXfq13DW,FvPxCeDRzBJ7Xhg
683,75yj5ABk0Uxb9yc,KNbHsJWP2DC3j7g
1262,0u5pAeDLcS9YGIO,ug82vweGN5yvVWf
602,744gcD01My4kEIo,bsPmaqyJDatAjKk
1043,Gcwxup3zhKhMV8M,kqdy7Q7ChoCnUBS
1025,dziwCgW7r8N2em8,ZEIgz1aBilnsiyj
1298,dJeO7cg40V06bWT,hekAIf5ulXuESrr
643,HqEiFq8jerfF5RM,w8htUYyKfTdGBDb
1587,JJJMx4hLqfCKnLE,tKPRdVxikLH27tj
1302,i6yLsP80MX4UJiB,YlaawXIXdXnkfQb
124,Rm262OHeKI6hiSg,Nk3NfPkfzbUIiJV
1679,wyDfpPDCEG9ACEg,oRd65Mt2LVvac1J
698,Q3U3rj0QDyAlEs1,rZIUlXqGi4jH9Kp
1547,ibcikBlL9KtDx6P,yRngjn4bc3JMVRU
312,1UYIS0Mkjl3kcCg,gBdXN1E86YedGa3
644,fjqpvoaJYvmkv5I,sGdmYC8bOtDGF3h
1992,mhl0NL8mFQIO0J1,05Hy0Od6YsPcwpz
500,E7InytKuukOac3X,uGpqBBRP4DZn67n
1190,I8vtuBm5XgXFTyr,ryT5uMqIn7gJmpi
1555,AbdxRfnb0skz1jn,hS5mOmJ3dAJO4iz
934,Y3t4cKEWtqpBfbb,dGJp7Su8J3St7G9
257,70mnhiY2tWlXCBr,Ik1ZhZSZJvbDy1e
1414,U9AELw8eicoBJL2,2Iw1fNk9XVk08Vg
365,LRffl3F2BMPaT1s,il9Majtlt0laC8p
41,fxgBDp8Zh2HDsyQ,PtFK5DovTEWzTxl
1570,pTBzwdasN6iJkbf,t5hLYunCWn74crh
1953,FFC9gtXjL1iZMAv,tvlqTCMqmqq7QYM
1124,c5Z5rNWJb9x9R8c,As9e4jaR5LHUBTW
1440,H80SafHxeQSAxlO,6bgLeSlvTcVMbO3
805,fwzrfstb0GqM2QP,8DWWh61wSY0U0MC
378,dkLBqFEGoZ6ZQDM,zWU7RkMgt2k22Dc
1620,VVYg5n3jFIxMiUW,GVyvFMmPAxXiEQW
426,H5q38RTVoQssvhj,hFX3tlB9zw86ni4
1164,6G0aim1gNnIcH8V,5DxVqmSXpGvcSYu
1312,JcHHjKOPXLVmpj4,JoElIN0ATuWQyfd
500,AFe2bd7Ej2ZBL9A,KalQBFQWFNLWUgk
1710,eUKbN3DtKVvgNFs,qWcRO7iqC7qbxTh
792,RPW90AMxt2hGMh7,5SkLmY7MM2mFAhm
1737,E325oPUXgdYeItz,CSqKbf5xemF92ZN
1141,I4vIapAstew65I8,LIqVknTSOjcauQS
1174,o5flbvBtENvYaDb,QSdDJF3QCIllJ6w
520,wtAvy30kM3rcQq9,AdohjuvdHJrX9Jx
666,OZyLkzRieyzJdIK,k8xhACVMVsNTVwI
16,KYnMQM2CkvAY13g,90cyVWAkwyIViYg
963,f289deYepx5ET6C,Kngs9sWLJtb9jXl
323,yUQlj8XeGFxkCuj,OIH7vyQ5yDFZCjv
1696,b2tIUqrEOSwCKvL,672Pdn1LCwRjAHU
847,vFnhtwk9vaa0uif,9vVuhZ8F6jEi5o3
1372,D8yJbIG8Eop8IR1,PKyhm5a9bzedsrT
1699,5dg96EqfCbB2AcM,G3XBTIBxFiHHujw
1424,S2Sir88lzyOd1Zt,jdx4wnj51ZFXieW
628,4OwEufO9FUCYoot,2rB0o98E32Il9Bt
1659,NKQsQy5jqcVWcii,MPBelcaIqqtm3ts
358,Pa1OQ4CNQrDTfSY,gLevqvzMTSLdctQ
613,fui7LHPfoMZvSHL,2TwHZvTtbZ8FPu9
450,03KvOOvFSSoREWR,q5TghjaiUrNQfOv
1037,ln9GoiRFIFmExeO,bwjQ4VbOAOONMta
1566,R5xXvbs7RPdHFYC,VLjY8Tx0m7KgWhi
680,Z93aO4rG6H5SHaL,nmkFtAkVmoiCW9v
1000,XnmIEV5djAxU6A6,a3BmNWVAEnod16p
373,Br0s8bYtd7kGeop,8wEDhS56sljYSsh
320,mz6FP9p3HmuqF4X,mwKDFLQDehdtN2L
1537,tMAgmJji26vRpwe,zhc7c9Ii8itPcZF
246,7k41qeJynBGmre7,0aI0PFMArEblM1U
1671,gnDzuu72pjbQqam,ZjqxI5VVfeAaKZg
817,bCmXI0txcsLkjjT,petjBGkFYqdbz1m
1772,ResBHndmc717oOB,1VAGsJaZRHV9Vgo
1808,YI1CJceIymg2EmC,Pa5mbRV5WPY3dMT
1665,KbQn29jCMKqAOY4,iYSUzRf56uxFm3H
6,u1E44SXddaEkV8d,AP5bTkaNNijCZDv
1224,vTiBHp2ltpENxvP,YEjEbU9Yli7pjjY
1806,8DQU2dQA32msZpE,iMXqSeCCTeijcKa
1035,l1ouPZimpSqhCQ2,IlXmfjUlSEXZ3Vj
551,J1x7AuFXX8Z6ZD5,CqcSRBbdDo2jGCU
263,ff9JFnHeGVwa7Nl,mScOyd4mT1eJina
14,TfBS6Tukf67ITjT,n5uYga0Qa7BPjES
311,fWVvZStvLCm8V1q,EO5iVieKVmTinrb
1605,0pKmzi6vxEvZ8I0,RGbVsaNWpPKzQ2q
1645,HJxqZXIJZHjdPxQ,ZATNDtJbv25cCh1
1123,xTbUCujowGAyI1N,V1CiPitaBnj5Tjm
1836,NlAs1BA0hL2ygHB,xVm0Ty5o11hJaog
996,t4mIA73my7FLBix,4c2zNv83EEEoQ8f
632,fjpEFbEsenppFJr,BtjIZMRT7jiA32J
694,28wK0dnhzPBncxR,qVr3dRbHU29QJyF
1609,C6xaZePM82tYW4B,hwI78H2T2HJ0S2V
1464,Of9TripqjNqadh6,uMhpxcyvHgrV8YL
553,8VN4hQ7bB4ozT3U,Ll0HfptLkSisEXP
582,TqcZyO9CBe5SdY3,cFcrCLmJKMvHrsG
1883,juYwpL1M4JX3Ghp,zjVczGLgDcvvxiO
1107,gwkQL3XmoWTmQao,ApTVjHQUVS8AABU
1811,66Fi6JrugBcqADw,6e9AO07iK2F0uip
190,rO6eb3VsMZlEE32,pc9Sw4j0xyoQ2gt
918,tFRIjEpG4TnG78A,RpcDOQVh6UHZrda
216,4t6S4PVbiZDmxCF,nxXWh5O2kWbggBR
1229,PIOP4e0NV0zQ9A0,L9yoLz3w7CToFn4
1756,6E4N0Vw6JKvoXuB,Vz4JAQWN846Vu2a
827,bUTO4UGw1n63XPl,tzQFEWauwNRzTaj
440,OM8eDN2cZyCPHpQ,ed4nFM3rPdMO3kB
1254,dDsTldqcpisEPR2,HL7SmwWHIJvriF1
461,33wCPZPwYqBFhwb,rvQ7yYZBrYox6aq
1475,0ly1YT9MiXDkm77,LWIEmZdA4cCQnkR
1745,HhzB2nimmt3qS2J,9UZrvUZs2g00rqQ
1588,kbF0BuAApeHS0s1,IFYvfcPDJopZzvm
223,yBrC46lgQy63eIE,x3YWYRoOXkZjljb
1050,rdNCLwu5KzLmU22,CPlptXh1xpNzC0L
1481,EKf9KDyqHJSh6PH,wF7ZQ7BuCYmOB3K
468,y2haVysb2h8mCpl,0DBDAqffIoBUTxk
481,0dsxUMIElddWEnN,nmB8zmjgWdjRDFf
400,ViEQmUl9KVlPscP,8zHjZZrtu4zlyeD
794,n5N9Sh8Qpo3ZxAo,2gWdnmjUFczLQY6
740,WC4ffvaXK3Um7ak,rXpUF3VH5pb6cQi
1916,eF8XPRnXcFjhPLs,uGoyiwKNbcMO62j
1829,LAHrZgDLGGgibnN,e6L8sDo0123gwdr
1205,0fMvkJ8CV4pHzd5,y8Ewq5Uk5JZucdy
1579,66MLIpieizuuNrD,enklGUZe2AEupgP
404,4vF1lfAtZMhfz9k,ghKJwSA7aQR2kKW
1767,qv5jDSIkjycFn9W,K7znab1Q4thuVWx
1008,K9UgKI78XGqa0H8,B61RxSkSoaHRps3
514,BLVZNDIeHREBndQ,GvfZoPhDuRJtIz2
1831,Pm6ErypYn6LJW49,ijgpINs37gXPtRQ
1513,QD7BeCMKm6HFqxn,VqhUdBMCR5dsVee
1983,ymWQp0COIwi8l1k,F4gopyIBouJQDV5
577,mhgxaC5dPuHBvCV,U27OAHnOt98Hljc
899,JCwfaLT5xvysLvw,YT8QXtOjX6iSis6
222,X1C7KHTXuNMw02w,Zo8usVA7ve25dRN
551,Ycg580hHRUEsGqi,3JZ5ACij4RK2500
618,mfLWjiP1NCoOPJ6,FVnX7GvKWC3d5Pz
707,8MYyXTNcB8fSsTg,xrfUmlc9T6hYk4J
456,kv1PPgxEaBpD5n3,q4GSKklCkO7MQMm
539,HSmxD1sJYmudhjR,IHhjaOmVtZZSHxb
269,KBXBDT500xIzbo4,zjypiT3G8eFLHFB
68,Xr9uAwV6dPDXKap,DD2gFhlemM4NJNz
1575,5BoMEJuBeujoJz7,l8r7L5n5OgcZTbr
316,KGOVKz5hfpflpf7,q4sHWsr7hTpF9hY
827,XbB6LcNwcMMXUm2,Yt2KB2atJkGQEjG
1624,q5XnNG9YO78vM6F,YoUOptOjyAogMR3
797,4iVpx0HOAsJgBiB,qu6Y6Gx1MHZq2ie
964,4IbVFoqLOkT1RhV,kmHgSkU0Akrlg1D
232,kuUySZ2vbmT3WtR,dMKroI5pG2hNZ2e
1491,th6Zy2zWKkRDofZ,AS2FYbDy9OUCial
619,0p9jKg1mXNwnxDE,u9IFznfXjVhOUfW
1287,6ErXxk3vx3rKDkr,2yKXgLCJBy9nWuH
1780,gVMbrZeApO3Bz8K,E1ouKM9EcmpLcz5
1811,4VjKf0CtIUEbFgG,8Uf0lgSq4hKN3x3
1770,U2llO0RosY7dl3O,Gl8qwVSKs9tu8Qf
664,kYTnMbelJiKniem,GWexaeNTlkovYDR
435,2jVg30525cYzv2g,E6mYQIDkCsYB5XA
1614,vzAgx2BnXLD5kpc,AVJEiF71viIkc5J
1273,D1XcmP5buAnHtVd,owzksGMZZwWh5Qy
459,gZxPFczyMX9f9my,ViyK0zhjxMb9KJU
1494,Y4Nq73CFSYOhd7U,gNDhBCE3p5Il88f
1056,5tvUeG2nAKceiSH,pzGQewlebWKhq4u
1488,tYwuqD4pdQMKYqP,rQ6VccguaIZvmfO
626,VxeC5Li5A4UQlRW,3oGTlukoYVnpdhy
258,R6sN5aFMYOfVP5m,jyZq808O95PRmDN
306,P6hMZ7tX0z4Bcld,iWy9CMZRWUUloQR
1510,sdI5SGByZWyYr4o,ewZHgJ1ZP5rlcD3
327,7tgfjtVCl0h2nAP,J5w6hJjuV7uoBHQ
1172,czqThcCwzX0Rqyw,PlA3jNVfivdOrmv
19,XHIzJq5p1nrqjIw,BckT4co8v32xqLX
150,Tp9KYwE4gdjuXrV,GeTEhOpJ8Wu1Vjs
1481,PIXRaAPJckji3Xi,74nKpL8beTNDFke
1662,btSDAT8XzMkZmI6,Gh25oTXAPRd4ugX
586,J8HAaBRrjocmMup,Eje1E3HEmRabLVi
799,KkaUCvQbDz1ViFH,OErxbGYSaPJbyGP
1358,xyN2LhmDesBhAG2,xeXs5pTSrvF97kT
702,S3P4WL8lgOGHmhX,9SKNULexKQteWxS
1264,xxPMRqNCTKSmbHe,Wx1WAPWlGpZ4inA
664,cUDdmnx4u2BlWqK,Vijnb3psjenqNVD
648,EBhA0BZD3opL6qf,63rD3jaXVjhBKeV
1601,5CDC8Er4WwbRrLi,Z32kGbtVP5vuhBa
848,EfStxTx0n7Z5Q9O,xEGGwlGJgXqS7CQ
871,GyNWjdA44Na2kjL,955MUpWL3kx5i7Z
1625,nxstaCJlykU3eW2,cfWu5YA3FxL8PMY
1130,4epuo5UJh6OfuEk,ixfEfB6qrZBJwXt
1049,yGdQ8C56BoSiPg1,RE58O4cHxGClxPt
1367,jVNHIwed9aREcF4,m2jyhEAxLjERI5g
566,s4lJF0t5eWpYXKR,CUgbyN4z4uAZeSL
1338,WgYVIjUCaYXEi3P,axVAyc5pzUPHT3q
1042,by4RjCzLa2tjGvB,BS2ACZq8NpJ0zxa
257,EznzOn7qlIsTfAs,XAUhtl9LEJQLhhw
48,ftUdpczlPJA4BIW,whkv4qefrlCRTmu
411,F4TK9gB2WYnBC9z,TaebCAaw0mKvfea
538,z8S5Fxb1bmcEQWa,TE0pTUoEJPBELKl
1487,Kqp4dbdgd2SEjDM,GK3bBDCbr4RJw1e
1307,LAKwVL4FIozLq5V,muSRuM2I0FNC4Sh
821,2WpczAdsyRNVzME,JCefsGYiCgDAfxz
1957,0dCfxkyAdD25Q3P,tJQA7LCxrbhsm00
93,ebIGMO9w7DYpjuM,02OmOUciPCvmYfy
24,I8hxzgv7EvJGyV5,aFan7782LnTjZrD
370,DHPB9DAKOzDz834,rtCGKUcVvjCicSU
480,Jrd5ctS5BntezSf,29ZgO8UiCpqj9Zx
1155,Oc0REBWtCE7mxeM,YgpRTGvyZjU7qhr
798,eCZBgzskfA9cEqG,p1wCkUSy45YBnxw
578,ZRoaCAn7XTYUCtZ,tOwohBn5vuBsXAp
381,ck0jpSmtjVyOAIR,IzptiBNuhKj3U5S
12,DAjTJHlvnJJot7P,nXY2Bufr5mm5cSm
804,w5pCHzMTYtwXDQE,BHQ7gvvs0UMS1CU
1739,KatJjGsURxWlI4g,G30ygdONNAcQvGl
1123,UTt25jH4FWxggyt,cwdXwvXW0EGYi4y
189,doadg1niG6o82gK,KCfM8eyZNQ1lyl5
286,k2mWgdgnOr0sYWe,5LfMsFwMUYLTHg0
1740,LqVDhxkz2GGPEiB,P5qaJri6qhKZbJY
903,7ZtnnD5p3wwFbHh,k6D5bGE3wVSbXGO
529,25THkLuniqxuCHp,baiRUgwTKRnIDam
1678,tGbLskR8ZyYEtU7,dFKCLMe9FFLM03t
1030,s0LwTbW3QDf6BrR,ydVZpjaukqAzqvu
42,OMhqOuBCqNunVv9,B1qRNPm3aqrVP2s
1576,L61Krr2lH1B9wKJ,JM9qg4yRZ6KDPSz
487,ecfD1SwpyCpMvzk,1Z1LBCwhRnW9RvH
997,u9FI37wYqAOor3w,fDsSkqIOQPkjoV4
1258,bD91MzKRIlFhpRZ,Pp3KhYdn2WIY49X
423,HCNNEwm7gUrYqOp,8vjOjjIGAokcQib
113,nASTa7Sbjl9OwRA,q5IdxfFLyNhrCbj
236,HzFqUsUjYqA7FgY,FcA86Ay1LNsQo52
487,oyYQ8B8lPuSdWgq,IfxWZlKiqSqocj3
1758,j6DsONTj9al30Sy,vSqP8xpGZzlwRDs
1994,yfEciGUkGD17iY8,DgHt5iXrKDK2fgX
1534,ONRkzD3OcQdZKvn,mHdVYXel6XlEp10
734,PGP1UR9DxsZv51U,bHnq2RWKCEvHGKf
1317,qwa9IoXk0W1B9yQ,smazzHGN7n8lMbB
631,nxcAkZvbfvLInuw,397UFtCotyQOXCX
1975,kpUF8oPgoSRI1Qj,anqkfvNYPdYU6Pb
1208,VGO4kUWD6irupCg,3mmvnz99WdQG5up
501,cH5IjG42P1uh5Jj,nmL0b4s4XFQJqFU
777,hiq7d7jTkL08vhy,tQSAS3cNZxr3PTx
1617,1EM3ZtX4OetQIQd,CtUKzvzowTsz2vf
224,FNCVziltWIEEpAP,Y9FUuf1bIkxtJnd
696,LWUC31F7se5DGEB,IiMRgmmsYxvzYNI
1079,NPvXdhNJw22SrVL,OPCgjtSLQuUcpoy
1215,IeMhiAkgRInCZh3,dSPXXl8xVjAb5by
1888,o0QhISFG8pSlOr7,qOsMVghaqztM052
444,HEJXm2UVq0jB3gh,DqpQ91fpxaXWMen
71,3NyVBKzpRnnhW2H,sHoMUBlUEn2oDPd
851,UNJC04UTNiTwuOx,LsUPUIUyCpsJYjd
1334,9obLuqqPezaub9b,9IteRAtEMUwgeE5
1306,KYjeqp205XBhBd3,1RHUtdXhsw1SZiW
670,VplUC0pIdiwZKIt,TmMJxNRE1C1pStY
1874,Jn7KHccj1rJ2MEr,QI6oyGM7OIljukS
1914,rsT7Ze6xbdTH5BK,DmYX2uLVzodOYwM
306,o3F154L52XDMor0,hycCwxKFEJlAHsw
950,XTyryhONOkBKQgI,lBJ6EHIXHePAeSv
1836,TTiuYx8ZbwBFzlS,m6GvNcdF6Micc0Y
1713,oD1Eg38K3RRV9Hm,04ZZs3dYpWQTk1e
960,0jd4Peqh1EF4Ynf,wM8WvRa7kO1uTKo
335,iGj4PbR7pJClu5l,dgA2mecQwN9eAlI
896,3gSDzJaFwKembzG,SVPxFJHOSlu68Jp
1717,R62gqNKRd4PGkKY,4VJaQYxyef7JbNf
637,C3h271nHj1bZTL3,ts3yR8ZpAN2UGvK
1512,ZSUJIpHAn2cZwLf,OeLfaNFuINU1B1E
264,1beaXdwYI5GrtpP,Eg3T2KasoNGyD40
1925,vZf2rysAQ3fexv4,QMg1W5p4AYgoCsr
844,GnjDOA9lzUxQdhc,La2SQC2Gjf2D1hc
1393,B4s47NW6rRANsKg,GpRQmVXX5usUXU5
85,6iRwnqODFAeGnJC,gJByOat78HoEjgo
596,25UKQMCsKu9Cydx,GDHCZ3I8kp4mf6k
520,im2SgnVdcxrTXnV,Ix1XqDArXcoT7FR
1232,bsE2mokGYgnZnQ5,8DpYRpAwPjpkkXf
1637,NS0vOk47GYl0oGz,SSm4GCoxXncJ7HL
1053,iHLi1SsU8cwIzZ9,u6j0E8GQJszvfME
1516,7DyYb5erbbrz5zS,tvVE3r7vT2tYCW9
356,eZQVRx5KrDHC7PQ,soCaAHFn2BYTHIa
1313,XLNgMXiQligNbIo,9Dwh7oKZOYuxTHt
825,FG3wqHZ9Ys92dyX,bdg6tawSpGK6iQ3
1840,NMEi84tJ3BXvALC,rXVpZEhxYmIMatf
1728,k1Gnet1AEcYHbup,kuDNUVqhBaVAEVm
1239,zMVE9w1jTbRTQcY,uxo4S7T41R2PMix
1898,HASSOTR3WuCqO63,3B0ss6rNu9Ru2uA
1354,nw7p4ntZSveZbFQ,ZgBZwNTZt0uZNCz
1661,auwbazBr6ZRNpw6,gsA04HrQngbfgHY
192,qJofBobVYvk0J6t,octNcllJ9y6djCu
313,UELJrrwKuuDUiaN,eZJYPEnWamVQzJS
681,F2xD1QWqYr0ie01,wOJChpqd3N4FuFE
873,q4HreQQmzF4cLPv,IkRejgWwqcdozzl
478,kKENxQXMcatgOuX,GsN3iebniCnErzC
85,t3oaEju5Yl5Q7Ga,9iVfiTQkrKFGNmF
1922,mB4RGAcOQOapoO1,cWXU3DmePY8L2jJ
635,Oat19kzTVCgPavv,nk4aeJ7aZSCbl53
376,GZ4K5ESMGLWAPW4,4QYsmf5D2X9uo6S
1193,OBeiaORFjqdDVVS,pridNy3Llv1JyHg
582,QEjcaB7VvDcsQvY,TKOdEirHn5WBLZP
1888,FXKKyAMVMEqM8bR,xINlzWcSrlyow5u
406,SFWppdNZPWDHRBt,VAsx077jpzXVaxE
862,gN4ePqW3sg7tHc4,x7HwHCKxkXbpbte
286,EZmmTKHA3OKOLAW,oH5EuG8Ydg2gdRp
1827,mIvNGP23i1b7hK8,qGcTCOLukDHvYsf
558,hZJDgKP4Z46IHsv,cCIB9hn47hecH3x
297,q9RrWZMtL8G2KEG,NQXHeSuNFtGd9sX
895,8hXeWtBm1QXjxBQ,SU6B0UUhaReyGiJ
25,6Png1UfgMMvY2Il,Xzdn74yAl6GhHOn
374,PMLmOTSwh7AHy5z,9TF0DgOycHny4aW
769,dQwDeIDSkVggFQh,v1nWiT43C3MQEO9
1364,2UfuxfJUlDvODc3,TlHfITTRtjptCGJ
1294,LM1DIYiKn3M3XRF,gLZ6GEO1xQCJtKG
684,7qZmLPKvd0gjq0n,rTpEhnraZNUYaKR
42,VYXLG8hSpDb1uox,07LINT3oquVvqgQ
549,T3K6f56WFosc0t2,vqYvDHl5wv4UAKq
1259,LbtcmTynSkjilXu,UtGHu3cAKkGbZOs
1073,pI4IWY4l5V5glhL,d56BvSSHPmKQlxD
1498,0LNdqBCp2RgzeEa,mGrU3B03PzlKvlh
659,gb937ZlhrUSAxRu,OxTrebG9idYRsDn
825,Pz0cmu7pCVzzr3e,UueLHhoPEPKLrRt
621,k6DnJ3JeUgWd31A,kvdh5z92cMWzmwD
509,6c9eylwJhBzGSKg,skoidqVS9TsRPig
1338,ChLBwOG4orah2jh,fGoRBWy31jbdIG6
1808,boJhNUtr4Wu3Lqn,lNy8bIFHhxusUF5
1601,8QT23ol2lzpPhbV,AlOSOyHAPH7bIrw
1679,SyDTF1ILdd5PAyh,MCNw9zjaf0yhEnW
806,7zsv4DzbMVE4cnD,yUBDdewWTSDyuyW
1399,CaYYyUpp8dGjrpe,Znp1UBOMVysLaLs
1789,8orFfokNgJyeq5U,PyCHV5K98cKUf2c
1903,Set80wapBmu33tx,7USwe0MedmCG2E0
948,i4UMLqjMsw7ySqH,uKzayKiWjPTt2R1
335,fHMWHMLhCHZzzHo,GK9TrK8hcxxYd80
1765,4JNHNcSBGF1Ln7K,fvPInLeQ6CUNMCy
1970,aDiIIwL3uRhZS3o,6p3A156yx5s5sea
1844,xtJUpojdrVV6Pa7,G67swKauxAodmDn
109,bMIrpJOCITJmBdD,1CeqSrPWQfWYKV0
673,0L6w9ouRf49DxK6,w67kx3lHlqGACqL
831,wP37KDlgsYb3oFY,Dna5G4CTujFDJqV
1520,36WcT5ZW7oBrS62,UFHXgONbihXIMBO
673,SgjAVmduLPtcBeO,7zTvIRL0spG4toT
1297,wop969cRg8xQ6Uw,kDJsmuuavPCvQPu
550,zxhUrvRUuSOJ9mj,a1CIcjbSVg6hlgb
601,YubdsZMVa0D800f,XWCec4NQGKTu4tZ
815,TnWVLiCjl7k1rC8,6bQUl9pgoRTt6uC
1871,CCD4oYBAMhCd1l9,62IOe71A1N9V5SR
420,TWbDuYLph2EwVPF,XeUJwNMXbfhMQek
1627,SY0OB3LuNj1vtLv,XpUij4sbiSBfolO
1848,nj8n6PAwyuIneKi,dknL5p1cdwDN38M
678,qKGJbMAEHkC6tgn,UmFdE7FJ1K0Imlv
1565,EKc0ADpBtBUHedi,tlqu7AketFZeJMG
1,bOVkvT4NAKj3sBw,zBwtcc6AdYHb7TK
70,gSY4Jtl7IywlUNh,0WCLUEvKRWILNzP
437,QS1ipx8mlO6UExZ,JkiiOQVs7KV6HL8
1434,lyes12qIgMYFoJh,kTwMKN1ZqZMLLZQ
1446,poEiOw0MduyR6LN,lRq0Z5BzBb6e65Y
1737,mXNhniqbgUCopwg,enDYLiuTPUL5EV4
1787,Ukiju4u4wPxE1IT,KE7n0hthzzf8thG
1518,EgPsxGbBrOYYdGt,vUUlhhpbjjs5Qoa
1449,Zx7QBSB0xdaDNBI,jdEacReIkRcLp5t
1016,xzU81LMptxJ5i8y,7TVSbj0z6dUcW6C
899,JtD3A93BIl7p19A,ht5ZnAXkebCM58X
1650,KSkj4HRlZ8feQPS,uGNFrkWZcSTjriw
1475,A4eTEmxANZ1eXU0,4REVnZlEtpnjrpG
1590,BNINuSa8Ac3Atrp,kgXHipZ6OhWEnBw
898,BrdxWpLe6cqSEza,n7bNbzKTXt4tJtJ
1751,ntxQQkN8paDmphl,K341bPihwEx7qs3
394,MNMfzhGLcMvLVHX,nJeNEQG8ySSGaaD
1675,LlNrc5ByiaMRSmV,PPGoWS7FI5bO2k2
42,1PIbDBuAk4IuXcY,mKGFvQSfEyvmri0
621,tgGpdJfcEcxhDvG,H2d7ew0tksdJ4KA
1519,sJXiW5B1bAp8Zc8,prOctA1n1W985oa
534,ICpSeAFcR9cZWkO,cUtqVAe5wJKBagA
1279,tUSt3CoozrYKmeO,8hh8d85153UbL5E
1405,7bbBFNqhczAer8T,Q68rgtlnzpG7tnr
261,WcedvLCcjWjSgVE,qev1tbtXEZqC3BX
1723,XI4wb1x0RGN2pAN,ipNWadsjVF59R7Q
589,Gh7Bev7hKkUWN9X,ARJkMzWZpcEs3Ka
479,WiDPbYqJJ5ybRT8,guV18c5lBnsLqgD
627,FRNXaWF9kPvoHsN,QuHB2X5uu3TZSEv
576,lh8cdU9lpvIiB74,0gPGWHp1VMn0evb
705,r6KDQbjfAs7ohW2,7Hex2FFpaDiF6Cf
1338,pZJx9Q0rWzOoUii,Wmm9jBM58L24KKX
1360,kBqvCa8J6KIR8BW,mtDyBBfee2Nbk9R
717,aqA4uX9GPivQhTx,3F14WMuRPiidfEz
1705,5ZdDupID58Uscoc,xVXcG0e72kY83es
1950,wslSs2Ib7qeZ56x,qFnh8fsLTPyQ3Uk
795,xWB1hdqcPNklDRN,0AHBayYR02f0jwt
1601,hwKZocgDdYnjefr,TJ80AVvRHzeyEeF
1836,EgsTgv8KGbX6ffV,9JAqmYmiTG1NFBb
1400,uJ6aD0KsURYrkEw,lTOR1OC5P49vTpB
136,wNKVEwezrBGVSTt,0gSn7nDMiSlkyJX
1569,aqSMdCJrpYjdAcG,bilnVUdxdEHT8wr
1154,8egyQwAFkESGAL5,eIU07guChe3o6qU
660,LSxFzuKVVPHyZUl,PslRwpEy68o1mAY
379,HTDcn7CgaY6not7,Gq6Ikv8EtIfe8Vw
1256,XHS4tiVArKY9pvw,9DRNARBX3lZHy8c
867,paOw02s4X0yGew7,Ct72RTIDHiI8iUn
1418,mhsH7HBoDA0Wtfh,jOJREEplgrjtzpN
1527,Ko6N742PEcAgD5F,cYXMDgaGVzN7DGU
1511,CzICUaE5Bk0C8AH,UlWVbDfWdCJAGgI
898,sOXtlRYN2xXCeeI,TDMs0r5s5bhhCPd
1016,3vPcCpu6bqala0N,6gdsj5SYmmwN3J6
608,mA6pSn7AhdD7c6T,DFUNn1h1RDuwFms
239,dEDCj0TcTBs2uDY,PGvjPjEeKeT8VHN
21,lFb4BAAhlqhr16o,bxwDFOoAyR5o08F
1655,uWwqE2UKDMjDb2Y,kGdnZQceknyG9BT
1033,vMfmHnCIfIXFr1u,Biqsih4obXOs5tp
993,IVSxzz2uUSnbEIq,50UtFdCGpngfWpd
1092,NugXaZgjVSQF5rX,ninto0FBPlSIP8F
313,Cba8YMvHa4awFH5,XvpT9uLRN3k5nwd
438,lG6veFhXpl0BUpR,uilc0Z2gBHqw89s
1080,s0B7oTYpr2jZU7u,vSO3yOHw6vMo2xi
67,NFGgThexx2bICuq,OcKv3i7Vgu9NdHX
342,DVFQ8bEwse2XGTm,irV2mEPfxjgcjue
1014,mukYOYfqu3yL6sP,3mcvY1sxds59nRO
827,EOIz0Cb55VI3kVa,xQ9pFng43Tz9UIv
574,AfF7sublqPOQHHg,gfRLfoYYHMgz6LJ
306,sTKorfl1E68Oxh3,G0n9sVRFeMqOMqY
1807,hFMqx3rLhHCjHnF,v3OEZjCzlOw1TFX
137,PgEIl0qbb2onodr,UknfE3Md4jb3asZ
1884,6o0JdeqifHw18M7,ZSXdRiAWO9tvfgC
844,TkiGLO0LcDfoVAA,c5sUyhrGbEcVTOE
990,xESKEJBp9eHkhB4,Lkgtd4RhPF2iAap
1348,13LGPN3EujLtQfO,NOV1amxgblUD1dn
543,kPSWXYwsy4aaNZs,lpOklF1yIZitYEm
1366,JZbhB3et0nQ6MU3,WyAwHeFb69pmMgR
649,SqZIN3FV0U7uCE3,Eu5HD7rD3D0cxMG
512,qjbHxE7o9zSeiyL,xfaUZNzU4coVcwd
585,huSLHHp1CC9d7lr,CJhh9YG3nUeEpcn
1903,dcGXjPnjZlJ1IRt,nZdAZdLpfSG3OiN
378,2rNvi2XcnXzMqTz,qWNPh63oXPPgSjS
1679,LPuqOOYwiq82GKT,ft42dL7vAytQAMZ
1536,oXWrgvxylRrGofS,pdYS93M2PEQbztU
1078,9U3gggrpHGjgYOF,Ht7a5Lal9LnIKO4
129,FxmuGY0Ow9G6jpp,XPmQdZsUNUs5iUJ
1077,aSKqNOrNsphQTY7,CNLOUvQxjG0Gn3c
1621,msaATiWE9UFRbEe,Ba4AqwE9pkxZvZI
575,zfR96GO2YtA93Ds,3zQ1pgF6v2h2G46
354,Q6yguIeFTodoLL3,MGPaUMJvNHCTuzH
1682,BXRrFwoAdqWIBiS,ukmOnY88qjDfkSi
1389,pd51oM4l91NIGuM,UALRFKPvVC7zeqn
1774,Z0p1mewe5RHb21N,SAdvZGb320Nr7Ev
521,OR7o06YFtvt5wg4,z9S4ISWE2XBwKZQ
1084,BVNCyl4UngnsnTH,44j1ErUhAiOLBP0
704,CQIFSuvVB8vDkYZ,H8Kp0UmTM0tD4xz
1754,cDc0NzHAnBBxCiD,JFbC33upZffcXON
1703,TO7Z6neKOADM52g,jyB2agkm8SPtsfO
1140,I3HmyqFfKDBGfnt,qDU04vlGFBr9fzn
1814,FEOogRjN58uf7ft,M8EyHvE9IE3AuPt
439,zxR0Y6HoNpbCim4,LUHmQsonP0KeAlk
1243,fOF6W2WvCsuWdqN,9kCb68ZeHkH7Eni
284,ZHk9fZBAzpe2JJz,GBOcu9MCqoiL6E3
1644,7UmpMppHI2ZU5gC,w1hP9Xn1rWe9iAE
1682,rIX6xUEKyXvU5HA,Lj8bt2WqStpLe4I
3,g7wM7D3iDTHNgna,FEWhecyrpC7OLjb
1900,yGUpKqqYYw6GoXt,KuVaKrjxq3Mg8WF
1336,kuS54KIVoJEE2PK,a4MSN4dGBun2kjZ
1784,OLJTsRYBVlWEt9t,Kya7iVOTptcEwjX
1996,eL2u90vhL0w7nMb,xj6Sq4TbPJTWMuA
1984,AQDwjHpLrfBo84l,iGuGOZ9U4pvEff7
1915,zXcApaoKObaNPUu,ZlLq3r5S0OHLIxt
1238,LNFhaTwGlM2Wtmz,tvXOcruJoBqythl
925,4u3MHyTHaONuhp7,o5SRZ654031CXgN
965,rZzwvSY8R6W3BYh,Xdqb1d8dXbX2nO3
449,0gswvbuyzs2q91W,wGX2Hp9zJ1H5vkX
1562,uFV0brxaDo3JYqZ,dnTxUb751oTJ07k
1322,85xH8uehue8wByM,6ob02uL3MiFpI7v
466,dkVBD7mGjVOxMTw,LA2U4GQpbIG4Q5y
510,0H58CH8ntFCBbPU,2AWBlNFrkZeBPTm
1576,HVMhlEDwQV3FDla,UxrIibfPLA0jbKM
1154,HiXjmd5Fejs85Xu,Ph4OpPAmSUib7WX
597,TqtRvtlmEVWWU0U,oKA6fi56uMD1neE
168,obFVBOquLUeQgsn,KqFtfaLdwREoT34
1744,mwBEPwhOccO0FtT,EdUXbakNZoaxkyv
1611,9HIElL04tCtQ8Qm,vMBegIqb0qYcZya
218,hZ9qF9lhVivfqaG,QQ2yWq65k19pH9r
1338,nDDsI9OgyKyzb4l,Z4JCIJEDQCaXauB
155,oOR9AAbhvub8fLp,Od8j9WrPLYVcSMj
795,2cZUcj77gbiuglL,3rWmGHHTF8Bk1dS
684,3ppB3TmkGMZJEvf,QUW62AqYYAoSN4e
1873,ZYvOGuJzGLPzE19,UmjbN93mtxVfV6g
1695,8KMqqIu7CpEdcaV,bJoWJrDLrGJhTSD
1517,KKSVc3CpypQhGjn,yT7YlY9BN3B4ys6
1159,OJcfiliuT9AVjEW,zOPH7bcYdMd9idK
888,7wlNqMsphxYFcEz,7PpmMkIbGeYh9MZ
1756,YNnGUVwQyz3Vxgq,Vs9SxL23mzk9aKJ
1149,lcVsWsNskSbumNa,TculKAcZH9V6aup
1827,xHsMKrvO196CAgZ,h2ZNKVAIMsnsfQY
265,6CzVz8gbhI2YTtI,zK4lFDo8tut3eOZ
198,vyZwrkBrkI7a1cp,dcHFU4eMr64DxMd
1268,ELLDMaMuQ10lxc0,pJnfP0jzP6aNTnO
1814,b6S9VnV7p9oAnbG,xrUa68bCZxKisaB
1288,dqNxQm5kSLPFavE,6vMJZfFnaoPTJxG
236,yNryBTirf56iUzJ,drRD2N5lQKTp6Cp
1079,piMsgcHvGvJ9qmM,aoATxIbdkL66Sjd
720,jgku42QbwU8vGjA,nRxzhHRgWrcCPcF
410,1h9TEesDD9ZW4wb,Wn6PFpWW9kZ7qig
1751,n9xLAS4aO9kDrIh,QmdFN3gOLHair6u
766,R9rn7S9JqsNu2bs,caF0vpsZx1W9Ns4
1242,9jTnPO78NRN3r4R,i34FM0slq31lWbK
697,n1APh5TbAVAJvm5,CFvN3ncVmG6oHKf
1268,SZ0vcg0kSqjyTKo,rqPdl1912t9A4Tl
348,5dieeNmKSkr0TQx,YOPecuyiS66BaEU
1398,0PUVxW9W2CNivxa,F1JwjsmCVadR861
23,4o2FX2yQXVfUv1N,0gF2qyCpcn0uyte
286,22EH4ie1NfhRwrY,dgwlOrrfNd3lUoe
478,YAuU333yacB9F7A,nR81NDLI8g1UGe6
790,rzOSpv9cYs3T7Ur,TCkXImN14ZIkSV6
169,bbCMpQ6Mbto3V4i,pZOGeFrcvASJ1ED
1058,2AUlK2jG3bduTkH,8ZFtHjwJpe4KxkR
1398,E7PSbWqDybIpbXx,kaubqnKYprspiAy
390,348EpM8z5m1rjR4,OmqIMtrFgzt4Qhx
1518,g3wzygv10aKPAjp,VDeKyLbNDynQK2e
1111,hDaxE0hiSfi8nBg,tbrxfxwi8a2hN6r
